RO Name/Nom du DS,Occupation/Profession,Electoral District Name/Nom de circonscription,Electoral District Number/Numéro de circonscription,Province,Residence/Résidence
"Dennis Brown","Retired/Retraité","Avalon","10001","Newfoundland and Labrador/Terre-Neuve-et-Labrador","Bay Roberts"
"Irene Joy Hodder","Accounting Clerk/Comptable","Bonavista--Burin--Trinity","10002","Newfoundland and Labrador/Terre-Neuve-et-Labrador","Marystown"
"Marilyn J. Puddicombe","Retired/Retraitée","Coast of Bays--Central--Notre Dame","10003","Newfoundland and Labrador/Terre-Neuve-et-Labrador","Gander"
"Andrea Northcott","Computer Support/Soutien informatique","Labrador","10004","Newfoundland and Labrador/Terre-Neuve-et-Labrador","Labrador City"
"Lary Wells*","Retired/Retraité","Long Range Mountains","10005","Newfoundland and Labrador/Terre-Neuve-et-Labrador","Corner Brook"
"Karen Marie Linfield","Retired/Retraitée","St. John's East/St. John's-Est","10006","Newfoundland and Labrador/Terre-Neuve-et-Labrador","Torbay"
"James William Ryan","Retired Federal Civil Servant/Fonctionnaire fédéral Retraité","St. John's South--Mount Pearl/St. John's-Sud--Mount Pearl","10007","Newfoundland and Labrador/Terre-Neuve-et-Labrador","Mount Pearl"
"Mary Elizabeth Dyck","Retired/Retraitée","Cardigan","11001","Prince Edward Island/Île-du-Prince-Édouard","Montague"
"Douglas Bowes Deacon","Retired/Retraité","Charlottetown","11002","Prince Edward Island/Île-du-Prince-Édouard","Charlottetown"
"Karen Gallant","Manager/Gestionnaire","Egmont","11003","Prince Edward Island/Île-du-Prince-Édouard","Abram-Village"
"Maureen Pendergast","Retired Journalist/Journaliste Retraitée","Malpeque","11004","Prince Edward Island/Île-du-Prince-Édouard","Darnley"
"J. Cotter Oliver","Salesman/Représentant","Cape Breton--Canso","12001","Nova Scotia/Nouvelle-Écosse","Reserve Mines"
"Dwayne MacDonald","Truck Driver/Chauffeur de camion","Central Nova/Nova-Centre","12002","Nova Scotia/Nouvelle-Écosse","Stellarton"
"Darlene Delma MacKay","Office Manager/Gestionnaire de bureau","Cumberland--Colchester","12003","Nova Scotia/Nouvelle-Écosse","Truro"
"Pat Charles McCluskey","Self-employed/Travailleur autonome","Dartmouth--Cole Harbour","12004","Nova Scotia/Nouvelle-Écosse","Dartmouth"
"Bonnie E. Boyd-Read","Retired/Retraitée","Halifax","12005","Nova Scotia/Nouvelle-Écosse","Halifax"
"John S. Loch","Semi-retired/Semi-retraité","Halifax West/Halifax-Ouest","12006","Nova Scotia/Nouvelle-Écosse","Bedford"
"Jake Rideout","Self-employed/Travailleur autonome","Kings--Hants","12007","Nova Scotia/Nouvelle-Écosse","Kentville"
"Glenn MacDougall","Business Owner/Propriétaire d'entreprise","Sackville--Preston--Chezzetcook","12008","Nova Scotia/Nouvelle-Écosse","Lower Sackville"
"Douglas J. Rideout","Retired/Retraité","South Shore--St. Margarets","12009","Nova Scotia/Nouvelle-Écosse","Upper Tantallon"
"Peter Bernard Mombourquette","Retired/Retraité","Sydney--Victoria","12010","Nova Scotia/Nouvelle-Écosse","Sydney"
"Rose-Aline Gawn","Bookkeeper/Comptable","West Nova/Nova-Ouest","12011","Nova Scotia/Nouvelle-Écosse","Meteghan"
"Réjean Arseneault","Retired/Retraité","Acadie--Bathurst","13001","New Brunswick/Nouveau-Brunswick","Saint-Isidore"
"Anita Léger-MacDonald","Self employed - Retired/Travailleuse autonome - Retraitée","Beauséjour","13002","New Brunswick/Nouveau-Brunswick","Shediac"
"C. David Desjardins","Executive Director/Directeur général","Fredericton","13003","New Brunswick/Nouveau-Brunswick","New Maryland"
"Joanne Marie Nice","Retired/Retraitée","Fundy Royal","13004","New Brunswick/Nouveau-Brunswick","Quispamsis"
"Guy Ouellette","Retired/Retraité","Madawaska--Restigouche","13005","New Brunswick/Nouveau-Brunswick","Saint-François de Madawaska"
"Norman W. Brown","Semi-retired Bus Driver/Chauffeur d'autobus semi-retraité","Miramichi--Grand Lake","13006","New Brunswick/Nouveau-Brunswick","Miramichi"
"George N. Duff*","Retired/Retraité","Moncton--Riverview--Dieppe","13007","New Brunswick/Nouveau-Brunswick","Moncton"
"R. Anthony (Tony) Whittaker","Retired/Retraité","New Brunswick Southwest/Nouveau-Brunswick-Sud-Ouest","13008","New Brunswick/Nouveau-Brunswick","St. Stephen"
"Terry Totten","Retired Accountant/Comptable Retraité","Saint John--Rothesay","13009","New Brunswick/Nouveau-Brunswick","Saint John"
"Anne Turcotte","Retired/Retraitée","Tobique--Mactaquac","13010","New Brunswick/Nouveau-Brunswick","Grand Falls"
"Madeleine Robillard","Boarding Attendant (Aircraft) for Northern Workers/Préposée au comptoir d'embarquement (avion) pour les travailleurs-du-Nord","Abitibi--Baie-James--Nunavik--Eeyou","24001","Quebec/Québec","Val-d'Or"
"Denis Bédard","Retired/Retraité","Abitibi--Témiscamingue","24002","Quebec/Québec","Macamic"
"Jean-Guy Théorêt","Retired/Retraité","Ahuntsic-Cartierville","24003","Quebec/Québec","Montréal"
"Yves Bonin","Consultant/Consultant","Alfred-Pellan","24004","Quebec/Québec","Laval"
"Pierre Brunet","Retired/Retraité","Argenteuil--La Petite-Nation","24005","Quebec/Québec","Lachute"
"Bertrand Bernier","Retired/Retraité","Avignon--La Mitis--Matane--Matapédia","24006","Quebec/Québec","Matane"
"Lise Lefebvre","Retired/Retraitée","Beauce","24007","Quebec/Québec","Sainte-Marie"
"Daniel Parent","Retired/Retraité","Beauport--Limoilou","24008","Quebec/Québec","Québec"
"Marcel Vézina","Retired/Retraité","Beauport-Côte-de-Beaupré-Île d'Orléans-Charlevoix","24020","Quebec/Québec","Château-Richer"
"Michel Longval","Insurance Broker/Courtier en assurance","Bécancour--Nicolet--Saurel","24009","Quebec/Québec","Bécancour"
"Richard Poulin","Retired/Retraité","Bellechasse--Les Etchemins--Lévis","24010","Quebec/Québec","Lac-Etchemin"
"Claude D. Fagnant","Director/Directeur","Beloeil--Chambly","24011","Quebec/Québec","Mont-Saint-Hilaire"
"Jean Provencher","Retired Engineer/Ingénieur Retraité","Berthier--Maskinongé","24012","Quebec/Québec","Saint-Boniface"
"Danielle Jomphe","Trainer/Formatrice","Bourassa","24015","Quebec/Québec","Montréal"
"Marie-Josée Potvin","Farmer/Agricultrice","Brome--Missisquoi","24016","Quebec/Québec","Dunham"
"Martine Bélanger*","Quebec District Director for the MCA/Directrice de district pour le Québec chez MCA","Brossard--Saint-Lambert","24017","Quebec/Québec","Brossard"
"Jean-Pierre Daigle*","Retired/Retraité","Charlesbourg--Haute-Saint-Charles","24019","Quebec/Québec","Lac-Beauport"
"François Candau","Supervisor, Public Works/Superviseur, Travaux publics","Châteauguay--Lacolle","24021","Quebec/Québec","Sainte-Martine"
"Claude Gaudreault","Lawyer/Avocat","Chicoutimi--Le Fjord","24022","Quebec/Québec","Chicoutimi"
"Marco Desmarais","Manager/Gestionnaire","Compton--Stanstead","24023","Quebec/Québec","Sherbrooke"
"Jean-Claude Ménard","Annuitant/Rentier","Dorval--Lachine--LaSalle","24024","Quebec/Québec","Lachine"
"Andrée Desautels","Administrative Assistant/Adjointe administrative","Drummond","24025","Quebec/Québec","Drummondville"
"Catherine McInnis*","/Preposé a domicile","Gaspésie--Les Îles-de-la-Madeleine","24026","Quebec/Québec","Gaspé"
"Christian Marleau*","Retired/Retraité","Gatineau","24027","Quebec/Québec","Gatineau"
"Éric Fournier","CEO of Teleferic Inc./DGE de Teleferic inc.","Hochelaga","24028","Quebec/Québec","Montréal"
"Marguerite Sicari","Office Clerk/commis de bureau","Honoré-Mercier","24029","Quebec/Québec","Montréal"
"Daniel Lafleur","Retired/Retraité","Hull--Aylmer","24030","Quebec/Québec","Gatineau"
"Robert Beauséjour","Retired School Principal/Directeur d'école retraité","Joliette","24031","Quebec/Québec","Saint-Charles-Borromée"
"Marc Pomerleau","Consultant/Consultant","Jonquière","24032","Quebec/Québec","Jonquière"
"Bernard Lauzon","Retired/Retraité","La Pointe-de-l'Île","24033","Quebec/Québec","Montréal"
"Claude Jolin","Manager/Gestionnaire","La Prairie","24034","Quebec/Québec","Candiac"
"Mario J. Harvey*","Retired/Retraité","Lac-Saint-Jean","24035","Quebec/Québec","Alma"
"Robert Lister","Manager/Gestionnaire","Lac-Saint-Louis","24036","Quebec/Québec","Baie-D'Urfé"
"Nathalie Gamache*","Retired/Retraitée","LaSalle--Émard--Verdun","24037","Quebec/Québec","Montréal"
"Claude Villeneuve","Retired/Retraité","Laurentides--Labelle","24038","Quebec/Québec","Saint-Jérôme"
"Paul Haince","Retired/Retraité","Laurier--Sainte-Marie","24039","Quebec/Québec","Montréal"
"Jean-Paul Vernier","SAAQ Evaluator/Évaluateur pour la SAAQ","Laval--Les Îles","24040","Quebec/Québec","Laval"
"Jean-Louis Leblond","Retired Economist/Économiste Retraité","Lévis--Lotbinière","24042","Quebec/Québec","Lévis"
"James Shufelt","Management - Consultant/Gestion - consultant","Longueuil--Charles-LeMoyne","24041","Quebec/Québec","Longueuil"
"Richard Cyr","Retired/Retraité","Longueuil--Saint-Hubert","24043","Quebec/Québec","Saint-Bruno-de-Montarville"
"Dominique Boulanger","Lawyer/Avocate","Louis-Hébert","24044","Quebec/Québec","Québec"
"Dominique Blais","Retired/Retraitée","Louis-Saint-Laurent","24045","Quebec/Québec","Québec"
"Renaud Dignard","Retired/Retraité","Manicouagan","24046","Quebec/Québec","Baie-Comeau"
"Jacques Foucher","Lawyer/Avocat","Marc-Aurèle-Fortin","24065","Quebec/Québec","Laval"
"Hélène Chagnon","Retired/Retraitée","Mégantic--L'Érable","24047","Quebec/Québec","Lambton"
"Robert Langlais","Voluntary Work/Bénévolat","Mirabel","24048","Quebec/Québec","Saint-Colomban"
"Fernand B. Couture","Retired/Retraité","Montarville","24049","Quebec/Québec","Saint-Bruno-de-Montarville"
"Pierre Simard","Retired Officer of the Sureté du QC - Associate in a private investigation company/Officier retraité de la Sureté du QC - associé dans une entreprise d'investigation au privé","Montcalm","24050","Quebec/Québec","Mascouche"
"Georges Deschênes","Lawyer - Registrar/Avocat - greffier","Montmagny--L'Islet--Kamouraska--Rivière-du-Loup","24051","Quebec/Québec","Rivière-du-Loup"
"Radu Kaufman","Consultant/Consultant","Mount Royal/Mont-Royal","24052","Quebec/Québec","Montréal"
"Julie Messier","Administrative Manager/Responsable administrative","Notre-Dame-de-Grâce--Westmount","24053","Quebec/Québec","Greenfield Park"
"Pierre Francou","Retired/Retraité","Outremont","24054","Quebec/Québec","Outremont"
"Carine Arseneault*","Assistant Director/Directrice adjointe","Papineau","24055","Quebec/Québec","Saint-Eustache"
"Pauline Lemieux-Turcotte","General director/Directrice générale","Pierre-Boucher--Les Patriotes--Verchères","24014","Quebec/Québec","Boucherville"
"Tony Vanvari","Engineer/Ingénieur","Pierrefonds--Dollard","24056","Quebec/Québec","Pierrefonds"
"Louise Rondeau","Retired/Retraitée","Pontiac","24057","Quebec/Québec","Val-des-Monts"
"Marilyn Guay","Manager/Gestionnaire","Portneuf--Jacques-Cartier","24058","Quebec/Québec","Saint-Augustin-de-Desmaures"
"Lucie Tremblay","Retired/Retraitée","Québec","24059","Quebec/Québec","Québec"
"Marjolaine Léonard","Retired/Retraitée","Repentigny","24060","Quebec/Québec","Repentigny"
"Jacques Alie","Retired/Retraité","Richmond--Arthabaska","24061","Quebec/Québec","Val-des-Sources"
"Bertin Barrette","Retired/Retraité","Rimouski-Neigette--Témiscouata--Les Basques","24018","Quebec/Québec","Rimouski"
"Lucien Vallée","Retired/Retraité","Rivière-des-Mille-Îles","24062","Quebec/Québec","Saint-Eustache"
"Sylvie Moisan","Consultant/Consultante","Rivière-du-Nord","24063","Quebec/Québec","Saint-Jérôme"
"Alexandre Duclos*","Director/Directeur","Rosemont--La Petite-Patrie","24064","Quebec/Québec","Montréal"
"Suzie Guilmain","Lawyer/Avocate","Saint-Hyacinthe--Bagot","24066","Quebec/Québec","Saint-Pie"
"Louis Richer","Retired/Retraité","Saint-Jean","24067","Quebec/Québec","Saint-Jean-sur-Richelieu"
"Pierre Thibaudeau*","Private Tutor/Tuteur privé","Saint-Laurent","24068","Quebec/Québec","Montréal"
"Antonio Iadeluca","Manager/Gestionnaire","Saint-Léonard--Saint-Michel","24069","Quebec/Québec","Saint-Léonard"
"Dominique Amyot*","Accountant/Comptable","Saint-Maurice--Champlain","24070","Quebec/Québec","Shawinigan"
"Claude Leduc","Financial Security Advisor/Conseiller en sécurité financière","Salaberry--Suroît","24071","Quebec/Québec","Valleyfield"
"Marie-Josée Théroux","Marketing, Web and customer experience strategy/Stratège en marketing, Web et expérience client","Shefford","24072","Quebec/Québec","Granby"
"Christian Côté","Retired/Retraité","Sherbrooke","24073","Quebec/Québec","Sherbrooke"
"Claude Martel","Geographer-Historian/Géographe-historien","Terrebonne","24075","Quebec/Québec","Lachenaie"
"Odette Lessard","Account manager at Messageries Dynamiques/Chargée de comptes chez Messageries Dynamiques","Thérèse-De Blainville","24013","Quebec/Québec","Sainte-Thérèse"
"Robert Ricard","Retired/Retraité","Trois-Rivières","24076","Quebec/Québec","Trois-Rivières"
"Nicole Lauzon","Retired/Retraitée","Vaudreuil--Soulanges","24074","Quebec/Québec","Vaudreuil-Dorion"
"Anne Marie Purcell","Director of Procurement/Directrice des achats","Ville-Marie--Le Sud-Ouest--Île-des-Soeurs","24077","Quebec/Québec","Montréal"
"Elias Boustros","Engineer/Ingénieur","Vimy","24078","Quebec/Québec","Laval"
"Sherri Gauvreau","Property Manager/Gestionnaire immobilière","Ajax","35001","Ontario","Ajax"
"Lila Cyr","Retired/Retraitée","Algoma--Manitoulin--Kapuskasing","35002","Ontario","Blind River"
"Colin Pettit","Engineer/Ingénieur","Aurora--Oak Ridges--Richmond Hill","35003","Ontario","Richmond Hill"
"Dennis Chronopoulos","Lawyer/Avocat","Barrie--Innisfil","35004","Ontario","Barrie"
"Maura I. Bolger","Retired/Retraitée","Barrie--Springwater--Oro-Medonte","35005","Ontario","Barrie"
"Douglas Geen*","Retired/Retraité","Bay of Quinte/Baie de Quinte","35006","Ontario","Cherry Valley"
"Jeff Paulin","Management/Gestion","Beaches--East York","35007","Ontario","Toronto"
"Janice A. Barber","Homemaker/Personne au foyer","Brampton Centre/Brampton-Centre","35008","Ontario","Brampton"
"Danny LaCute","Retired/Retraité","Brampton East/Brampton-Est","35009","Ontario","Orangeville"
"Cyril David MacDonald","CPA Retired/CPA Retraité","Brampton North/Brampton-Nord","35010","Ontario","Brampton"
"John R. Holman","Self-employed/Travailleur autonome","Brampton South/Brampton-Sud","35011","Ontario","Brampton"
"Shashikant Nayak","Director/Directeur","Brampton West/Brampton-Ouest","35012","Ontario","Brampton"
"Betteanne Marie Cadman","Retired Clerk and Administrator/Administratrice et commis retraitée","Brantford--Brant","35013","Ontario","Burford"
"Bonnie Stevenson","Accountant/Comptable","Bruce--Grey--Owen Sound","35014","Ontario","Holstein"
"Patricia Jane Barr","Retired/Retraitée","Burlington","35015","Ontario","Burlington"
"Michele Teresa Lichty*","Office Administrator and Client Care Coordinator/Coordinatrice du service à la clientèle","Cambridge","35016","Ontario","Cambridge"
"Jennifer A. Cook","Real Estate Agent/Agente immobilière","Carleton","35088","Ontario","Richmond"
"George Guy Taylor","Retired/Retraité","Chatham-Kent--Leamington","35017","Ontario","Chatham"
"Marko P. Banjavcic","Election Administrator/Administrateur électoral","Davenport","35018","Ontario","Toronto"
"Brian Dopson*","Project Manager/Gestionnaire de projet","Don Valley East/Don Valley-Est","35019","Ontario","Toronto"
"Mark Wong","Retired/Retraité","Don Valley North/Don Valley-Nord","35020","Ontario","Toronto"
"Nasir Addetia","Self-employed/Travailleur autonome","Don Valley West/Don Valley-Ouest","35021","Ontario","Toronto"
"Carol Terentiak","Small Business Owner/Propriétaire d'une petite entreprise","Dufferin--Caledon","35022","Ontario","Mono"
"Ralph E. F. Werry","Self-employed/Travailleur autonome","Durham","35023","Ontario","Enniskillen"
"Laura Vivian Dallal","Self-employed/Travailleuse autonome","Eglinton--Lawrence","35024","Ontario","Toronto"
"Carrie Woolley","Homemaker/Personne au foyer","Elgin--Middlesex--London","35025","Ontario","St. Thomas"
"Heather Patricia Kennedy","Bookkeeper/Commis-comptable","Essex","35026","Ontario","Essex"
"Chris Rybak","Self-employed/Travailleur autonome","Etobicoke Centre/Etobicoke-Centre","35027","Ontario","Etobicoke"
"André Allen","IT Director/Directeur de l'informatique","Etobicoke North/Etobicoke-Nord","35029","Ontario","Mississauga"
"Martin John Riley","Retired/Retraité","Etobicoke--Lakeshore","35028","Ontario","Etobicoke"
"Al Croxall","Retired/Retraité","Flamborough--Glanbrook","35030","Ontario","Jerseyville"
"Pierre Chartrand","Retired/Retraité","Glengarry--Prescott--Russell","35031","Ontario","Casselman"
"Susan G. Dickert","Retired/Retraitée","Guelph","35032","Ontario","Guelph"
"Robert Foster","Retired/Retraité","Haldimand--Norfolk","35033","Ontario","Simcoe"
"Jerry J. Ford","Retired/Retraité","Haliburton--Kawartha Lakes--Brock","35034","Ontario","Lindsay"
"Ryan Thomas Scally Leverton","Administrative Assistant/Adjoint administratif","Hamilton Centre/Hamilton-Centre","35035","Ontario","Hamilton"
"Ruth Anne Martin","Clerk/Commis","Hamilton East--Stoney Creek/Hamilton-Est--Stoney Creek","35036","Ontario","Stoney Creek"
"James Nelson","Retired/Retraité","Hamilton Mountain","35037","Ontario","Hamilton"
"Tina Destro","Art Educator/Professeur d'art","Hamilton West--Ancaster--Dundas/Hamilton-Ouest--Ancaster--Dundas","35038","Ontario","Hamilton"
"Carol Ann Maleska","Bookkeeper/Commis-comptable","Hastings--Lennox and Addington","35039","Ontario","Arden"
"Elaine Ewers-Baptiste","Consultant/Consultante","Humber River--Black Creek","35121","Ontario","Toronto"
"Donna Lynne Godkin","Retired Teacher/Enseignante Retraitée","Huron--Bruce","35040","Ontario","Kirkton"
"Kent Douglas Francis","Retired/Retraité","Kanata--Carleton","35041","Ontario","Carp"
"Paul Stanley Duggan","Retired Teacher/Enseignant retraité","Kenora","35042","Ontario","Kenora"
"Yuvathy Judy Nanthakumar","Credit Manager/Gestionnaire de crédit","King--Vaughan","35043","Ontario","Maple"
"Susan Brenda Long-Poucher","Naval Officer/Officière de marine","Kingston and the Islands/Kingston et les Îles","35044","Ontario","Kingston"
"Patricia Gale LePage","Retired/Retraitée","Kitchener Centre/Kitchener-Centre","35045","Ontario","Kitchener"
"P. Kevin Remington","Retired/Retraité","Kitchener South--Hespeler/Kitchener-Sud--Hespeler","35047","Ontario","Waterloo"
"Kenneth Laverne Quanz","Retired Teacher/Enseignant retraité","Kitchener--Conestoga","35046","Ontario","Baden"
"Terrie Jeldine Core","Retired/Retraitée","Lambton--Kent--Middlesex","35048","Ontario","Forest"
"Cheryl Annie Lillian Bird","Retired/Retraitée","Lanark--Frontenac--Kingston","35049","Ontario","Perth Road"
"Cheryl Oleniuk","Retired/Retraitée","Leeds--Grenville--Thousand Islands and Rideau Lakes/Leeds--Grenville--Thousand Islands et Rideau Lakes","35050","Ontario","Brockville"
"Paul Edward Joudrey","Retired/Retraité","London North Centre/London-Centre-Nord","35052","Ontario","London"
"Karen Elaine Mazereeuw","Homemaker/Personne au foyer","London West/London-Ouest","35053","Ontario","London"
"Brenda Telfer","Self-employed/Travailleuse autonome","London--Fanshawe","35051","Ontario","London"
"Barry Wilson","Retired/Retraité","Markham--Stouffville","35054","Ontario","Markham"
"Matthias Gutsch*","Management Consultant/Conseiller en gestion","Markham--Thornhill","35055","Ontario","Thornhill"
"Maria-Luise Sebald*","Administrator/Administratrice","Markham--Unionville","35056","Ontario","Thornhill"
"Carol Beth Dougherty","Employee Benefits Consultant/Consultante en avantages sociaux","Milton","35057","Ontario","Milton"
"John Stuart Heenan","Professional Engineer/Ingénieur professionnel","Mississauga Centre/Mississauga-Centre","35058","Ontario","Mississauga"
"Jim (Demetrios) Kotsianas","Bookkeeper/Commis-comptable","Mississauga East--Cooksville/Mississauga-Est--Cooksville","35059","Ontario","Mississauga"
"Jameel Rahman","Retired/Retraité","Mississauga--Erin Mills","35060","Ontario","Mississauga"
"Lynn Lennox*","Retired teacher/Enseignante retraitée","Mississauga--Lakeshore","35061","Ontario","Mississauga"
"Vijay Kumar Ramadorai","Consultant/Consultant","Mississauga--Malton","35062","Ontario","Mississauga"
"Arafat Arafat","Dental Technologist Denturist/Technologue dentaire et denturologiste","Mississauga--Streetsville","35063","Ontario","Mississauga"
"Patricia Judith DiMillo","Retired/Retraitée","Nepean","35064","Ontario","Nepean"
"Teena Bogner","Lecturer/Chargée de cours","Newmarket--Aurora","35065","Ontario","Newmarket"
"Benoit Mercier","Retired Teacher/enseignant retraité","Niagara Centre/Niagara-Centre","35066","Ontario","Welland"
"Kathleen J. Quiquero","Self-employed/Travailleuse autonome","Niagara Falls","35067","Ontario","Niagara Falls"
"Robert Ciarlo","Retired/Retraité","Niagara West/Niagara-Ouest","35068","Ontario","Grimsby"
"Pauline Renaud","Homemaker/Personne au foyer","Nickel Belt","35069","Ontario","Azilda"
"James Thomas Mallory","Retired/Retraité","Nipissing--Timiskaming","35070","Ontario","North Bay"
"Ann Lilian MacDonald","Semi-retired - Management/Semi-retraitée - gestion","Northumberland--Peterborough South/Northumberland--Peterborough-Sud","35071","Ontario","Cobourg"
"Roci Freeman","Marketing/Marketing","Oakville","35072","Ontario","Oakville"
"Diane Lindsey","Event Planner/Planificatrice d'événements","Oakville North--Burlington/Oakville-Nord--Burlington","35073","Ontario","Burlington"
"Sylvie Duford","Orthotherapist/Orthothérapeute","Orléans","35076","Ontario","Orléans"
"Kenneth Charles Houston","Self-employed/Travailleur autonome","Oshawa","35074","Ontario","Oshawa"
"Gail Ann Lynch","Realtor/Agente immobilière","Ottawa Centre/Ottawa-Centre","35075","Ontario","Ottawa"
"Susan P. Dennison","Business Owner/Propriétaire d'entreprise","Ottawa South/Ottawa-Sud","35077","Ontario","Manotick"
"Judy Marie Cosby","Consultant/Consultante","Ottawa West--Nepean/Ottawa-Ouest--Nepean","35079","Ontario","Kanata"
"Rachel L. Crête","Retired/Retraitée","Ottawa--Vanier","35078","Ontario","Ottawa"
"Audrey E. Schultz","Retired/Retraitée","Oxford","35080","Ontario","Princeton"
"Wendy Gibbs","Retired/Retraitée","Parkdale--High Park","35081","Ontario","Mississauga"
"Kim Elaine Bordeleau","Aircraft Maintenance/Entretien d'avions","Parry Sound--Muskoka","35082","Ontario","Parry Sound"
"Patricia Anne Ranney","Project Manager/Gestionnaire de projet","Perth--Wellington","35083","Ontario","Stratford"
"Rodney Manley","Consultant/Consultant","Peterborough--Kawartha","35084","Ontario","Warsaw"
"Joseph Birungi","Data Manager/Gestionnaire de données","Pickering--Uxbridge","35085","Ontario","Pickering"
"Robert Rantz","Retired/Retraité","Renfrew--Nipissing--Pembroke","35086","Ontario","Petawawa"
"Sharon Louise Rossi","Potter/Potière","Richmond Hill","35087","Ontario","Richmond Hill"
"Joseph Henriques","Consultant/Consultant","St. Catharines","35089","Ontario","St. Catharines"
"Paul Rennie","Retired/Retraité","Sarnia--Lambton","35091","Ontario","Sarnia"
"Jeff George Piper","Director of Corporate Services/Directeur des services d'entreprise","Sault Ste. Marie","35092","Ontario","Sault Ste. Marie"
"Diane Granato","Retired/Retraitée","Scarborough Centre/Scarborough-Centre","35094","Ontario","Scarborough"
"Hebe Ong-Lim","Director and Administrator of JLHO Enterprise Inc./Directrice et administratrice de JLHO Entreprise Inc.","Scarborough North/Scarborough-Nord","35096","Ontario","Toronto"
"Ismail B. Pirani","Software Developer/Développeur de logiciel","Scarborough Southwest/Scarborough-Sud-Ouest","35098","Ontario","Toronto"
"Lynda Robinson*","Project Manager/Gestionnaire de projet","Scarborough--Agincourt","35093","Ontario","Scarborough"
"Chantel Saulter","HR Manager/Gestionnaire des ressources humaines","Scarborough--Guildwood","35095","Ontario","Scarborough"
"Michael Pinto","Retired - Professional Woodturner/Tourneur sur bois Retraité","Scarborough--Rouge Park","35097","Ontario","Toronto"
"Nancee A. Adams*","Retired/Retraitée","Simcoe North/Simcoe-Nord","35100","Ontario","Oro-Medonte"
"Anita A. Laking*","Caterer/Traiteuse","Simcoe--Grey","35099","Ontario","Barrie"
"Khadijah Suleman","International Development Expert/Experte du développement international","Spadina--Fort York","35101","Ontario","Toronto"
"Allen Fournier","Retired-MBA/MBA retraité","Stormont--Dundas--South Glengarry","35102","Ontario","South Glengarry"
"Rodney Lapointe","Self-employed/Travailleur autonome","Sudbury","35103","Ontario","Sudbury"
"Seymour Barry Stein","Chartered Accountant/Comptable agréé","Thornhill","35104","Ontario","Thornhill"
"Ian Simpson","Retired School Principal/Directeur d'école Retraité","Thunder Bay--Rainy River","35105","Ontario","Fort Frances"
"Dale Jon Mason","Retired/Retraité","Thunder Bay--Superior North/Thunder Bay--Supérieur-Nord","35106","Ontario","Thunder Bay"
"Anne Marie Vaillancourt","Executive Officer/Directrice générale","Timmins--James Bay/Timmins--Baie James","35107","Ontario","Timmins"
"Carolyn Ann McGill Strobel","Retired/Retraitée","Toronto Centre/Toronto-Centre","35108","Ontario","Toronto"
"Diane Catherine Stevenson","Retired/Retraitée","Toronto--Danforth","35109","Ontario","Toronto"
"Kelly Walters","Bid Coordinator/Coordonnatrice d'appels d'offres","Toronto--St. Paul's","35090","Ontario","Toronto"
"S. Scott Sima","I.T. Consultant/Consultant de la T.I.","University--Rosedale","35110","Ontario","Toronto"
"Tony Michael*","Assistant professor/Professeur adjoint","Vaughan--Woodbridge","35111","Ontario","Etobicoke"
"Frank Mensink","Retired/Retraité","Waterloo","35112","Ontario","Waterloo"
"Yolanda Fellows*","Self-employed/Travailleuse autonome","Wellington--Halton Hills","35113","Ontario","Rockwood"
"Paul M. Cloutier","Retired/Retraité","Whitby","35114","Ontario","Whitby"
"May Lynne Fong","Retired/Retraitée","Willowdale","35115","Ontario","Toronto"
"Naila Mahmood","Customer Service/Service à la clientèle","Windsor West/Windsor-Ouest","35117","Ontario","Windsor"
"Mark Moore","Retired/Retraité","Windsor--Tecumseh","35116","Ontario","Belle River"
"Lori Gotlieb","Trainer / Professor/Formatrice / professeure","York Centre/York-Centre","35118","Ontario","Toronto"
"Jacqueline Daley","College Professor/Enseignante au collège","York South--Weston/York-Sud--Weston","35120","Ontario","York"
"Nina Willcocks","Financial Manager/Directrice des finances","York--Simcoe","35119","Ontario","Sutton West"
"Joni Denise Swidnicki","Retired/Retraitée","Brandon--Souris","46001","Manitoba","Brandon"
"Sherri Lorraine Vanderstel","Teacher/Enseignante","Charleswood--St. James--Assiniboia--Headingley","46002","Manitoba","Winnipeg"
"Norma E. Howitt*","Retired/Retraitée","Churchill--Keewatinook Aski","46003","Manitoba","Thompson"
"Ron Clement","Commissionnaire/Commissionnaire","Dauphin--Swan River--Neepawa","46004","Manitoba","Russell-Binscarth"
"Sandra Jacoby","Homemaker/Personne au foyer","Elmwood--Transcona","46005","Manitoba","Winnipeg"
"Donna Gail Ghidoni","Educator/Trainer/Enseignante - formatrice","Kildonan--St. Paul","46006","Manitoba","East St. Paul"
"Courtney Hutchison","Real Estate Agent/Agente immobilière","Portage--Lisgar","46007","Manitoba","Altona"
"Rebekah Alice Stelmack","Retired/Retraitée","Provencher","46008","Manitoba","Steinbach"
"Cindy Denise Veronica Desrochers*","Financial Retail Operations MGR/Gestionnaire, opérations financières de détail","Saint Boniface--Saint Vital/Saint-Boniface--Saint-Vital","46009","Manitoba","Winnipeg"
"Leona Ann Johnson","Retired from management/Retraitée de la direction","Selkirk--Interlake--Eastman","46010","Manitoba","Gimli"
"Jo-Anne G. Doty","Office Coordinator/Coordonnatrice de bureau","Winnipeg Centre/Winnipeg-Centre","46011","Manitoba","Winnipeg"
"Erlinda M. Dionisio","Health Care Worker/Travailleuse de la santé","Winnipeg North/Winnipeg-Nord","46012","Manitoba","Winnipeg"
"Syva-Lee Wildenmann","Retired/Retraitée","Winnipeg South/Winnipeg-Sud","46013","Manitoba","Winnipeg"
"Ellen Ruth Paxton","Retired/Retraitée","Winnipeg South Centre/Winnipeg-Centre-Sud","46014","Manitoba","Winnipeg"
"Patricia Dawn Janko","Retired/Retraitée","Battlefords--Lloydminster","47001","Saskatchewan","North Battleford"
"Linda Louise Dykes","College Administrator/Administratrice de collège","Carlton Trail--Eagle Creek/Sentier Carlton--Eagle Creek","47004","Saskatchewan","Saskatoon"
"Helen Maria Arnold","Retired/Retraitée","Cypress Hills--Grasslands","47002","Saskatchewan","Swift Current"
"Marlene Wolkosky","Retired/Retraitée","Desnethé--Missinippi--Churchill River/Desnethé--Missinippi--Rivière Churchill","47003","Saskatchewan","La Ronge"
"Adele M. Owatz*","Retired Teacher/Enseignante retraitée","Moose Jaw--Lake Centre--Lanigan","47005","Saskatchewan","Moose Jaw"
"Barry Walter Hollick","Teacher/Enseignant","Prince Albert","47006","Saskatchewan","Prince Albert"
"Roger Carriere","Retired/Retraité","Regina--Lewvan","47007","Saskatchewan","Regina"
"Susan Adel heid Kalcsits","Consultant/Consultante","Regina--Qu'Appelle","47008","Saskatchewan","Edgeley"
"Peter Clarke*","Retired/Retraité","Regina--Wascana","47009","Saskatchewan","Regina"
"Dianne Celestine Zimmerman","Self-employed/Travailleuse autonome","Saskatoon West/Saskatoon-Ouest","47012","Saskatchewan","Saskatoon"
"Danny Boyer","Consultant/Consultant","Saskatoon--Grasswood","47010","Saskatchewan","Saskatoon"
"Lorna Mae Casavant","School Administration Assistant/Adjointe administrative scolaire","Saskatoon--University","47011","Saskatchewan","Saskatoon"
"Margaret Mary Tuchscherer","Self-employed/Travailleuse autonome","Souris--Moose Mountain","47013","Saskatchewan","Weyburn"
"Cynthia C. Kachur","Bookkeeper/Comptable","Yorkton--Melville","47014","Saskatchewan","Yorkton"
"Loren Dawn Braat","Self-employed/Travailleuse autonome","Banff--Airdrie","48001","Alberta","Airdrie"
"B. Gordon Thurston","Truck Driver/Chauffeur de camion","Battle River--Crowfoot","48002","Alberta","Camrose"
"Daphne Louise Anstey-Martin","Commercial Account Manager/Gestionnaire de comptes commerciaux","Bow River","48003","Alberta","Newell County"
"Kevin Charles Allen","Art Administrator/Administrateur d'Art","Calgary Centre/Calgary-Centre","48004","Alberta","Calgary"
"Kimberly Carter","Self-employed/Travailleuse autonome","Calgary Confederation","48005","Alberta","Calgary"
"Antoine Atallah Khourieh","retired Professional Engineer/Ingénieur professionnel Retraité","Calgary Forest Lawn","48006","Alberta","Calgary"
"Jacqueline Eva (Jackie) Nixon","Business/Affaires","Calgary Heritage","48007","Alberta","Calgary"
"Cheryl Schuett","Administration/Administration","Calgary Midnapore","48008","Alberta","Calgary"
"Merilyn Belle O'Bryan","Retired/Retraitée","Calgary Nose Hill","48009","Alberta","Calgary"
"Barbara Lynne Hodgson","Retired/Retraitée","Calgary Rocky Ridge","48010","Alberta","Calgary"
"Michelle Katherine Groff","Medical Office Administrator/Administratrice de cabinet médical","Calgary Shepard","48011","Alberta","Calgary"
"Curtis Clinton Lawson","Retired/Retraité","Calgary Signal Hill","48012","Alberta","Calgary"
"Marni C. Scott*","Homemaker/Personne au foyer","Calgary Skyview","48013","Alberta","Calgary"
"Dilara Yegani","Consultant Instructor/Formatrice consultante","Edmonton Centre/Edmonton-Centre","48014","Alberta","Edmonton"
"Will Gerard Chmilar","Consultant/Consultant","Edmonton Griesbach","48015","Alberta","Edmonton"
"Ryan Dane Reichl","Director, Vendor Management and Outreach/Directeur, gestion des fournisseurs et sensibilisation","Edmonton Manning","48016","Alberta","Sherwood Park"
"Harry Adam","Retired Educator/Éducateur retraité","Edmonton Mill Woods","48017","Alberta","Edmonton"
"Janice H. Hicks","Administrator/Administratrice","Edmonton Riverbend","48018","Alberta","Edmonton"
"Kim Lakeman","Consultant/Consultante","Edmonton Strathcona","48019","Alberta","Edmonton"
"Pamela Ursuliak","Self-employed/Travailleuse autonome","Edmonton West/Edmonton-Ouest","48020","Alberta","Edmonton"
"Colette Adele Williams","Homemaker/Personne au foyer","Edmonton--Wetaskiwin","48021","Alberta","Edmonton"
"JoAnn Caroline Partaker","Retired/Retraitée","Foothills","48022","Alberta","Okotoks"
"Joanne Day","Director/Directrice","Fort McMurray--Cold Lake","48023","Alberta","Fort McMurray"
"Rhonda Danderfer","Mortgage Broker/Courtière en hypothèque","Grande Prairie--Mackenzie","48024","Alberta","Grande Prairie"
"Maureen Philomena Sullivan","Chiropodist/Podologiste","Lakeland","48025","Alberta","Lamont"
"David C. Walters","Teacher/Enseignant","Lethbridge","48026","Alberta","Lethbridge"
"Stella Lukinski","Guest Services/Service à la clientèle","Medicine Hat--Cardston--Warner","48027","Alberta","Medicine Hat"
"Margaret Benham*","Teacher/Enseignante","Peace River--Westlock","48028","Alberta","Perryvale"
"Marvin Beier","Financial Consultant/Conseiller financier","Red Deer--Lacombe","48030","Alberta","Ponoka"
"Frederick Joseph Gorman","Retired Publisher/Éditeur retraité","Red Deer--Mountain View","48029","Alberta","Red Deer"
"Trudy E. Bossio","Owner/Propriétaire","St. Albert--Edmonton","48031","Alberta","St. Albert"
"Denise Marie Charbonneau","Retired School Admininistrator/Directrice d'école retraitée","Sherwood Park--Fort Saskatchewan","48032","Alberta","Sherwood Park"
"Dorcas Ann Kilduff","Retired/Retraitée","Sturgeon River--Parkland","48033","Alberta","Spruce Grove"
"Norma E. Fahl","Retired/Retraitée","Yellowhead","48034","Alberta","Hinton"
"Phillip Joseph Dodd","Supervisor, Canada Revenue Agency/Superviseur à l'Agence du revenu du Canada","Abbotsford","59001","British Columbia/Colombie-Britannique","Abbotsford"
"Donald David Scott","Consultant/Consultant","Burnaby North--Seymour/Burnaby-Nord--Seymour","59002","British Columbia/Colombie-Britannique","North Vancouver"
"Reshmeena Lalani","Accountant/Comptable","Burnaby South/Burnaby-Sud","59003","British Columbia/Colombie-Britannique","Burnaby"
"Lorraine E. Grant","Retired/Retraitée","Cariboo--Prince George","59004","British Columbia/Colombie-Britannique","Prince George"
"Basil Skodyn","Retired/Retraité","Central Okanagan--Similkameen--Nicola","59005","British Columbia/Colombie-Britannique","Kelowna"
"Constance L. Barker","Retired/Retraitée","Chilliwack--Hope","59006","British Columbia/Colombie-Britannique","Chilliwack"
"Keanu Howarth","Student/Étudiant","Cloverdale--Langley City","59007","British Columbia/Colombie-Britannique","Langley"
"Patricia Anne Kostuk","CPA","Coquitlam--Port Coquitlam","59008","British Columbia/Colombie-Britannique","Burnaby"
"Jennifer St. Thomas*","Retired/Retraitée","Courtenay--Alberni","59009","British Columbia/Colombie-Britannique","Port Alberni"
"Cassandra McClarnon","Senior Voting Analyst/Analyste de scrutin principale","Cowichan--Malahat--Langford","59010","British Columbia/Colombie-Britannique","Langford"
"Charlene Meehan","Retired/Retraitée","Delta","59011","British Columbia/Colombie-Britannique","Delta"
"Kerry Ann Fedosenko","Marriage Commissioner/Commissaire aux mariages","Esquimalt--Saanich--Sooke","59026","British Columbia/Colombie-Britannique","Sooke"
"John Malcolm Wadley","Retired Police Officer/Policier Retraité","Fleetwood--Port Kells","59012","British Columbia/Colombie-Britannique","Surrey"
"Geoffrey R. Collier","Retired/Retraité","Kamloops--Thompson--Cariboo","59013","British Columbia/Colombie-Britannique","Kamloops"
"Wendy J. Creelman","Principal Consulting/Consultante principale","Kelowna--Lake Country","59014","British Columbia/Colombie-Britannique","Kelowna"
"Robert L. Switzer","Retired/Retraité","Kootenay--Columbia","59015","British Columbia/Colombie-Britannique","Nelson"
"Cathy Li","Retired/Retraitée","Langley--Aldergrove","59016","British Columbia/Colombie-Britannique","Langley"
"Heather Rayner*","Retired/Retraitée","Mission--Matsqui--Fraser Canyon","59017","British Columbia/Colombie-Britannique","Abbotsford"
"Dilbar Rupa","Service/Service","Nanaimo--Ladysmith","59018","British Columbia/Colombie-Britannique","Nanaimo"
"Raymond Eldon Wilson","Office Assistant/Adjoint de bureau","New Westminster--Burnaby","59019","British Columbia/Colombie-Britannique","New Westminster"
"William M. J. Irwin","Sales Management/Gestion des ventes","North Island--Powell River","59037","British Columbia/Colombie-Britannique","Campbell River"
"Sharon G. Morrison","Retired/Retraitée","North Okanagan--Shuswap","59020","British Columbia/Colombie-Britannique","Vernon"
"Tami Ann Reilly","Business Person/Femme d'affaires","North Vancouver","59021","British Columbia/Colombie-Britannique","North Vancouver"
"Kathleen Ann Booth","Technical Writer/Rédactrice technique","Pitt Meadows--Maple Ridge","59022","British Columbia/Colombie-Britannique","Maple Ridge"
"Jane Norah Pickering","Retired/Retraitée","Port Moody--Coquitlam","59023","British Columbia/Colombie-Britannique","Port Coquitlam"
"Linda J. Smerychynski","Adjudicator/Arbitre","Prince George--Peace River--Northern Rockies","59024","British Columbia/Colombie-Britannique","Prince George"
"Albert Yan Wei","Director of Human Resources/Directeur des ressources humaines","Richmond Centre/Richmond-Centre","59025","British Columbia/Colombie-Britannique","Richmond"
"Peter J.P. Mason*","Retired Teacher/Enseignant retraité","Saanich--Gulf Islands","59027","British Columbia/Colombie-Britannique","North Saanich"
"William John Spat","Businessman/Homme d'affaires","Skeena--Bulkley Valley","59028","British Columbia/Colombie-Britannique","Prince Rupert"
"Gerald J. Anderson","Educator/Enseignant","South Okanagan--West Kootenay/Okanagan-Sud--Kootenay-Ouest","59029","British Columbia/Colombie-Britannique","Naramata"
"Mary Elizabeth Wright","Retired/Retraitée","South Surrey--White Rock/Surrey-Sud--White Rock","59030","British Columbia/Colombie-Britannique","White Rock"
"Michael H. Cohene","Retired/Retraité","Steveston--Richmond East/Steveston--Richmond-Est","59031","British Columbia/Colombie-Britannique","Vancouver"
"Roddy James McRae","Realtor/Agent immobilier","Surrey Centre/Surrey-Centre","59032","British Columbia/Colombie-Britannique","Surrey"
"Madurai Rajoo","Realtor/Agent immobilier","Surrey--Newton","59033","British Columbia/Colombie-Britannique","Surrey"
"Rita Lorraine Douglas","Retired/Retraitée","Vancouver Centre/Vancouver-Centre","59034","British Columbia/Colombie-Britannique","Vancouver"
"Philip Chan","Consultant/Consultant","Vancouver East/Vancouver-Est","59035","British Columbia/Colombie-Britannique","Vancouver"
"Maria A. Cavezza","Business Travel Manager/Gestionnaire de voyages professionnels","Vancouver Granville","59036","British Columbia/Colombie-Britannique","Vancouver"
"Joyce K. Kowalyshyn","Retired/Retraitée","Vancouver Kingsway","59038","British Columbia/Colombie-Britannique","Vancouver"
"Ulrike E. Radermacher","Researcher Project-Manager/Chercheuse, gestionnaire de projet","Vancouver Quadra","59039","British Columbia/Colombie-Britannique","Vancouver"
"Rizwana Jiwa","Consultant/Consultante","Vancouver South/Vancouver-Sud","59040","British Columbia/Colombie-Britannique","Vancouver"
"Andrew Kilgour McBride","Retired/Retraité","Victoria","59041","British Columbia/Colombie-Britannique","Victoria"
"Scott Allan Corbett","Event Host/Organisateur d'événements","West Vancouver--Sunshine Coast--Sea to Sky Country","59042","British Columbia/Colombie-Britannique","North Vancouver"
"Michael James Lauer","Civil Servant/Fonctionnaire","Yukon","60001","Yukon","Whitehorse"
"Leanne Tait","Consultant/Consultante","Northwest Territories/Territoires du Nord-Ouest","61001","Northwest Territories/Territoires du Nord-Ouest","Yellowknife"
"Valérie Beaulieu Blanchette","Project Manager/Gestionnaire de projet","Nunavut","62001","Nunavut","Iqaluit"
